ID,Title,Difficulty,Link
953,Verifying an Alien Dictionary,Easy, https://leetcode.com/problems/verifying-an-alien-dictionary
680,Valid Palindrome II,Easy, https://leetcode.com/problems/valid-palindrome-ii
278,First Bad Version,Easy, https://leetcode.com/problems/first-bad-version
67,Add Binary,Easy, https://leetcode.com/problems/add-binary
283,Move Zeroes,Easy, https://leetcode.com/problems/move-zeroes
125,Valid Palindrome,Easy, https://leetcode.com/problems/valid-palindrome
157,Read N Characters Given Read4,Easy, https://leetcode.com/problems/read-n-characters-given-read4
1,Two Sum,Easy, https://leetcode.com/problems/two-sum
415,Add Strings,Easy, https://leetcode.com/problems/add-strings
543,Diameter of Binary Tree,Easy, https://leetcode.com/problems/diameter-of-binary-tree
257,Binary Tree Paths,Easy, https://leetcode.com/problems/binary-tree-paths
349,Intersection of Two Arrays,Easy, https://leetcode.com/problems/intersection-of-two-arrays
121,Best Time to Buy and Sell Stock,Easy, https://leetcode.com/problems/best-time-to-buy-and-sell-stock
88,Merge Sorted Array,Easy, https://leetcode.com/problems/merge-sorted-array
896,Monotonic Array,Easy, https://leetcode.com/problems/monotonic-array
20,Valid Parentheses,Easy, https://leetcode.com/problems/valid-parentheses
270,Closest Binary Search Tree Value,Easy, https://leetcode.com/problems/closest-binary-search-tree-value
350,Intersection of Two Arrays II,Easy, https://leetcode.com/problems/intersection-of-two-arrays-ii
339,Nested List Weight Sum,Easy, https://leetcode.com/problems/nested-list-weight-sum
824,Goat Latin,Easy, https://leetcode.com/problems/goat-latin
246,Strobogrammatic Number,Easy, https://leetcode.com/problems/strobogrammatic-number
463,Island Perimeter,Easy, https://leetcode.com/problems/island-perimeter
938,Range Sum of BST,Easy, https://leetcode.com/problems/range-sum-of-bst
53,Maximum Subarray,Easy, https://leetcode.com/problems/maximum-subarray
252,Meeting Rooms,Easy, https://leetcode.com/problems/meeting-rooms
597,Friend Requests I: Overall Acceptance Rate,Easy, https://leetcode.com/problems/friend-requests-i-overall-acceptance-rate
13,Roman to Integer,Easy, https://leetcode.com/problems/roman-to-integer
206,Reverse Linked List,Easy, https://leetcode.com/problems/reverse-linked-list
408,Valid Word Abbreviation,Easy, https://leetcode.com/problems/valid-word-abbreviation
38,Count and Say,Easy, https://leetcode.com/problems/count-and-say
21,Merge Two Sorted Lists,Easy, https://leetcode.com/problems/merge-two-sorted-lists
346,Moving Average from Data Stream,Easy, https://leetcode.com/problems/moving-average-from-data-stream
111,Minimum Depth of Binary Tree,Easy, https://leetcode.com/problems/minimum-depth-of-binary-tree
674,Longest Continuous Increasing Subsequence,Easy, https://leetcode.com/problems/longest-continuous-increasing-subsequence
266,Palindrome Permutation,Easy, https://leetcode.com/problems/palindrome-permutation
766,Toeplitz Matrix,Easy, https://leetcode.com/problems/toeplitz-matrix
122,Best Time to Buy and Sell Stock II,Easy, https://leetcode.com/problems/best-time-to-buy-and-sell-stock-ii
28,Implement strStr(),Easy, https://leetcode.com/problems/implement-strstr
235,Lowest Common Ancestor of a Binary Search Tree,Easy, https://leetcode.com/problems/lowest-common-ancestor-of-a-binary-search-tree
844,Backspace String Compare,Easy, https://leetcode.com/problems/backspace-string-compare
1113,Reported Posts,Easy, https://leetcode.com/problems/reported-posts
387,First Unique Character in a String,Easy, https://leetcode.com/problems/first-unique-character-in-a-string
977,Squares of a Sorted Array,Easy, https://leetcode.com/problems/squares-of-a-sorted-array
405,Convert a Number to Hexadecimal,Easy, https://leetcode.com/problems/convert-a-number-to-hexadecimal
69,Sqrt(x),Easy, https://leetcode.com/problems/sqrtx
26,Remove Duplicates from Sorted Array,Easy, https://leetcode.com/problems/remove-duplicates-from-sorted-array
191,Number of 1 Bits,Easy, https://leetcode.com/problems/number-of-1-bits
242,Valid Anagram,Easy, https://leetcode.com/problems/valid-anagram
724,Find Pivot Index,Easy, https://leetcode.com/problems/find-pivot-index
160,Intersection of Two Linked Lists,Easy, https://leetcode.com/problems/intersection-of-two-linked-lists
637,Average of Levels in Binary Tree,Easy, https://leetcode.com/problems/average-of-levels-in-binary-tree
101,Symmetric Tree,Easy, https://leetcode.com/problems/symmetric-tree
14,Longest Common Prefix,Easy, https://leetcode.com/problems/longest-common-prefix
1142,User Activity for the Past 30 Days II,Easy, https://leetcode.com/problems/user-activity-for-the-past-30-days-ii
66,Plus One,Easy, https://leetcode.com/problems/plus-one
443,String Compression,Easy, https://leetcode.com/problems/string-compression
1213,Intersection of Three Sorted Arrays,Easy, https://leetcode.com/problems/intersection-of-three-sorted-arrays
108,Convert Sorted Array to Binary Search Tree,Easy, https://leetcode.com/problems/convert-sorted-array-to-binary-search-tree
189,Rotate Array,Easy, https://leetcode.com/problems/rotate-array
392,Is Subsequence,Easy, https://leetcode.com/problems/is-subsequence
136,Single Number,Easy, https://leetcode.com/problems/single-number
7,Reverse Integer,Easy, https://leetcode.com/problems/reverse-integer
167,Two Sum II - Input array is sorted,Easy, https://leetcode.com/problems/two-sum-ii-input-array-is-sorted
345,Reverse Vowels of a String,Easy, https://leetcode.com/problems/reverse-vowels-of-a-string
703,Kth Largest Element in a Stream,Easy, https://leetcode.com/problems/kth-largest-element-in-a-stream
303,Range Sum Query - Immutable,Easy, https://leetcode.com/problems/range-sum-query-immutable
110,Balanced Binary Tree,Easy, https://leetcode.com/problems/balanced-binary-tree
852,Peak Index in a Mountain Array,Easy, https://leetcode.com/problems/peak-index-in-a-mountain-array
104,Maximum Depth of Binary Tree,Easy, https://leetcode.com/problems/maximum-depth-of-binary-tree
686,Repeated String Match,Easy, https://leetcode.com/problems/repeated-string-match
112,Path Sum,Easy, https://leetcode.com/problems/path-sum
155,Min Stack,Easy, https://leetcode.com/problems/min-stack
171,Excel Sheet Column Number,Easy, https://leetcode.com/problems/excel-sheet-column-number
414,Third Maximum Number,Easy, https://leetcode.com/problems/third-maximum-number
234,Palindrome Linked List,Easy, https://leetcode.com/problems/palindrome-linked-list
168,Excel Sheet Column Title,Easy, https://leetcode.com/problems/excel-sheet-column-title
716,Max Stack,Easy, https://leetcode.com/problems/max-stack
344,Reverse String,Easy, https://leetcode.com/problems/reverse-string
669,Trim a Binary Search Tree,Easy, https://leetcode.com/problems/trim-a-binary-search-tree
884,Uncommon Words from Two Sentences,Easy, https://leetcode.com/problems/uncommon-words-from-two-sentences
290,Word Pattern,Easy, https://leetcode.com/problems/word-pattern
496,Next Greater Element I,Easy, https://leetcode.com/problems/next-greater-element-i
9,Palindrome Number,Easy, https://leetcode.com/problems/palindrome-number
172,Factorial Trailing Zeroes,Easy, https://leetcode.com/problems/factorial-trailing-zeroes
176,Second Highest Salary,Easy, https://leetcode.com/problems/second-highest-salary
204,Count Primes,Easy, https://leetcode.com/problems/count-primes
100,Same Tree,Easy, https://leetcode.com/problems/same-tree
226,Invert Binary Tree,Easy, https://leetcode.com/problems/invert-binary-tree
461,Hamming Distance,Easy, https://leetcode.com/problems/hamming-distance
572,Subtree of Another Tree,Easy, https://leetcode.com/problems/subtree-of-another-tree
268,Missing Number,Easy, https://leetcode.com/problems/missing-number
1275,Find Winner on a Tic Tac Toe Game,Easy, https://leetcode.com/problems/find-winner-on-a-tic-tac-toe-game
1047,Remove All Adjacent Duplicates In String,Easy, https://leetcode.com/problems/remove-all-adjacent-duplicates-in-string
181,Employees Earning More Than Their Managers,Easy, https://leetcode.com/problems/employees-earning-more-than-their-managers
70,Climbing Stairs,Easy, https://leetcode.com/problems/climbing-stairs
118,Pascal's Triangle,Easy, https://leetcode.com/problems/pascals-triangle
141,Linked List Cycle,Easy, https://leetcode.com/problems/linked-list-cycle
628,Maximum Product of Three Numbers,Easy, https://leetcode.com/problems/maximum-product-of-three-numbers
1141,User Activity for the Past 30 Days I,Easy, https://leetcode.com/problems/user-activity-for-the-past-30-days-i
821,Shortest Distance to a Character,Easy, https://leetcode.com/problems/shortest-distance-to-a-character
1241,Number of Comments per Post,Easy, https://leetcode.com/problems/number-of-comments-per-post
788,Rotated Digits,Easy, https://leetcode.com/problems/rotated-digits
1108,Defanging an IP Address,Easy, https://leetcode.com/problems/defanging-an-ip-address
1287,Element Appearing More Than 25% In Sorted Array,Easy, https://leetcode.com/problems/element-appearing-more-than-25-in-sorted-array
997,Find the Town Judge,Easy, https://leetcode.com/problems/find-the-town-judge
509,Fibonacci Number,Easy, https://leetcode.com/problems/fibonacci-number
217,Contains Duplicate,Easy, https://leetcode.com/problems/contains-duplicate
83,Remove Duplicates from Sorted List,Easy, https://leetcode.com/problems/remove-duplicates-from-sorted-list
653,Two Sum IV - Input is a BST,Easy, https://leetcode.com/problems/two-sum-iv-input-is-a-bst
202,Happy Number,Easy, https://leetcode.com/problems/happy-number
203,Remove Linked List Elements,Easy, https://leetcode.com/problems/remove-linked-list-elements
205,Isomorphic Strings,Easy, https://leetcode.com/problems/isomorphic-strings
733,Flood Fill,Easy, https://leetcode.com/problems/flood-fill
706,Design HashMap,Easy, https://leetcode.com/problems/design-hashmap
872,Leaf-Similar Trees,Easy, https://leetcode.com/problems/leaf-similar-trees
993,Cousins in Binary Tree,Easy, https://leetcode.com/problems/cousins-in-binary-tree
905,Sort Array By Parity,Easy, https://leetcode.com/problems/sort-array-by-parity
1360,Number of Days Between Two Dates,Easy, https://leetcode.com/problems/number-of-days-between-two-dates
832,Flipping an Image,Easy, https://leetcode.com/problems/flipping-an-image
605,Can Place Flowers,Easy, https://leetcode.com/problems/can-place-flowers
1137,N-th Tribonacci Number,Easy, https://leetcode.com/problems/n-th-tribonacci-number
237,Delete Node in a Linked List,Easy, https://leetcode.com/problems/delete-node-in-a-linked-list
1266,Minimum Time Visiting All Points,Easy, https://leetcode.com/problems/minimum-time-visiting-all-points
1021,Remove Outermost Parentheses,Easy, https://leetcode.com/problems/remove-outermost-parentheses
771,Jewels and Stones,Easy, https://leetcode.com/problems/jewels-and-stones
1304,Find N Unique Integers Sum up to Zero,Easy, https://leetcode.com/problems/find-n-unique-integers-sum-up-to-zero
404,Sum of Left Leaves,Easy, https://leetcode.com/problems/sum-of-left-leaves
1528,Shuffle String,Easy, https://leetcode.com/problems/shuffle-string
893,Groups of Special-Equivalent Strings,Easy, https://leetcode.com/problems/groups-of-special-equivalent-strings
989,Add to Array-Form of Integer,Easy, https://leetcode.com/problems/add-to-array-form-of-integer
1033,Moving Stones Until Consecutive,Easy, https://leetcode.com/problems/moving-stones-until-consecutive
1075,Project Employees I,Easy, https://leetcode.com/problems/project-employees-i
1076,Project Employees II,Easy, https://leetcode.com/problems/project-employees-ii
1211,Queries Quality and Percentage,Easy, https://leetcode.com/problems/queries-quality-and-percentage
1322,Ads Performance,Easy, https://leetcode.com/problems/ads-performance
1460,Make Two Arrays Equal by Reversing Sub-arrays,Easy, https://leetcode.com/problems/make-two-arrays-equal-by-reversing-sub-arrays
91,Decode Ways,Medium, https://leetcode.com/problems/decode-ways
253,Meeting Rooms II,Medium, https://leetcode.com/problems/meeting-rooms-ii
238,Product of Array Except Self,Medium, https://leetcode.com/problems/product-of-array-except-self
15,3Sum,Medium, https://leetcode.com/problems/3sum
560,Subarray Sum Equals K,Medium, https://leetcode.com/problems/subarray-sum-equals-k
973,K Closest Points to Origin,Medium, https://leetcode.com/problems/k-closest-points-to-origin
1249,Minimum Remove to Make Valid Parentheses,Medium, https://leetcode.com/problems/minimum-remove-to-make-valid-parentheses
29,Divide Two Integers,Medium, https://leetcode.com/problems/divide-two-integers
31,Next Permutation,Medium, https://leetcode.com/problems/next-permutation
173,Binary Search Tree Iterator,Medium, https://leetcode.com/problems/binary-search-tree-iterator
211,Add and Search Word - Data structure design,Medium, https://leetcode.com/problems/add-and-search-word-data-structure-design
314,Binary Tree Vertical Order Traversal,Medium, https://leetcode.com/problems/binary-tree-vertical-order-traversal
17,Letter Combinations of a Phone Number,Medium, https://leetcode.com/problems/letter-combinations-of-a-phone-number
56,Merge Intervals,Medium, https://leetcode.com/problems/merge-intervals
426,Convert Binary Search Tree to Sorted Doubly Linked List,Medium, https://leetcode.com/problems/convert-binary-search-tree-to-sorted-doubly-linked-list
133,Clone Graph,Medium, https://leetcode.com/problems/clone-graph
325,Maximum Size Subarray Sum Equals k,Medium, https://leetcode.com/problems/maximum-size-subarray-sum-equals-k
438,Find All Anagrams in a String,Medium, https://leetcode.com/problems/find-all-anagrams-in-a-string
311,Sparse Matrix Multiplication,Medium, https://leetcode.com/problems/sparse-matrix-multiplication
200,Number of Islands,Medium, https://leetcode.com/problems/number-of-islands
215,Kth Largest Element in an Array,Medium, https://leetcode.com/problems/kth-largest-element-in-an-array
523,Continuous Subarray Sum,Medium, https://leetcode.com/problems/continuous-subarray-sum
277,Find the Celebrity,Medium, https://leetcode.com/problems/find-the-celebrity
621,Task Scheduler,Medium, https://leetcode.com/problems/task-scheduler
43,Multiply Strings,Medium, https://leetcode.com/problems/multiply-strings
98,Validate Binary Search Tree,Medium, https://leetcode.com/problems/validate-binary-search-tree
114,Flatten Binary Tree to Linked List,Medium, https://leetcode.com/problems/flatten-binary-tree-to-linked-list
138,Copy List with Random Pointer,Medium, https://leetcode.com/problems/copy-list-with-random-pointer
636,Exclusive Time of Functions,Medium, https://leetcode.com/problems/exclusive-time-of-functions
721,Accounts Merge,Medium, https://leetcode.com/problems/accounts-merge
161,One Edit Distance,Medium, https://leetcode.com/problems/one-edit-distance
146,LRU Cache,Medium, https://leetcode.com/problems/lru-cache
304,Range Sum Query 2D - Immutable,Medium, https://leetcode.com/problems/range-sum-query-2d-immutable
199,Binary Tree Right Side View,Medium, https://leetcode.com/problems/binary-tree-right-side-view
139,Word Break,Medium, https://leetcode.com/problems/word-break
785,Is Graph Bipartite?,Medium, https://leetcode.com/problems/is-graph-bipartite
33,Search in Rotated Sorted Array,Medium, https://leetcode.com/problems/search-in-rotated-sorted-array
143,Reorder List,Medium, https://leetcode.com/problems/reorder-list
71,Simplify Path,Medium, https://leetcode.com/problems/simplify-path
236,Lowest Common Ancestor of a Binary Tree,Medium, https://leetcode.com/problems/lowest-common-ancestor-of-a-binary-tree
286,Walls and Gates,Medium, https://leetcode.com/problems/walls-and-gates
986,Interval List Intersections,Medium, https://leetcode.com/problems/interval-list-intersections
34,Find First and Last Position of Element in Sorted Array,Medium, https://leetcode.com/problems/find-first-and-last-position-of-element-in-sorted-array
341,Flatten Nested List Iterator,Medium, https://leetcode.com/problems/flatten-nested-list-iterator
398,Random Pick Index,Medium, https://leetcode.com/problems/random-pick-index
227,Basic Calculator II,Medium, https://leetcode.com/problems/basic-calculator-ii
360,Sort Transformed Array,Medium, https://leetcode.com/problems/sort-transformed-array
825,Friends Of Appropriate Ages,Medium, https://leetcode.com/problems/friends-of-appropriate-ages
78,Subsets,Medium, https://leetcode.com/problems/subsets
247,Strobogrammatic Number II,Medium, https://leetcode.com/problems/strobogrammatic-number-ii
348,Design Tic-Tac-Toe,Medium, https://leetcode.com/problems/design-tic-tac-toe
708,Insert into a Sorted Circular Linked List,Medium, https://leetcode.com/problems/insert-into-a-sorted-circular-linked-list
300,Longest Increasing Subsequence,Medium, https://leetcode.com/problems/longest-increasing-subsequence
75,Sort Colors,Medium, https://leetcode.com/problems/sort-colors
670,Maximum Swap,Medium, https://leetcode.com/problems/maximum-swap
958,Check Completeness of a Binary Tree,Medium, https://leetcode.com/problems/check-completeness-of-a-binary-tree
380,Insert Delete GetRandom O(1),Medium, https://leetcode.com/problems/insert-delete-getrandom-o1
285,Inorder Successor in BST,Medium, https://leetcode.com/problems/inorder-successor-in-bst
987,Vertical Order Traversal of a Binary Tree,Medium, https://leetcode.com/problems/vertical-order-traversal-of-a-binary-tree
109,Convert Sorted List to Binary Search Tree,Medium, https://leetcode.com/problems/convert-sorted-list-to-binary-search-tree
528,Random Pick with Weight,Medium, https://leetcode.com/problems/random-pick-with-weight
162,Find Peak Element,Medium, https://leetcode.com/problems/find-peak-element
449,Serialize and Deserialize BST,Medium, https://leetcode.com/problems/serialize-and-deserialize-bst
3,Longest Substring Without Repeating Characters,Medium, https://leetcode.com/problems/longest-substring-without-repeating-characters
498,Diagonal Traverse,Medium, https://leetcode.com/problems/diagonal-traverse
251,Flatten 2D Vector,Medium, https://leetcode.com/problems/flatten-2d-vector
5,Longest Palindromic Substring,Medium, https://leetcode.com/problems/longest-palindromic-substring
127,Word Ladder,Medium, https://leetcode.com/problems/word-ladder
1428,Leftmost Column with at Least a One,Medium, https://leetcode.com/problems/leftmost-column-with-at-least-a-one
791,Custom Sort String,Medium, https://leetcode.com/problems/custom-sort-string
419,Battleships in a Board,Medium, https://leetcode.com/problems/battleships-in-a-board
494,Target Sum,Medium, https://leetcode.com/problems/target-sum
8,String to Integer (atoi),Medium, https://leetcode.com/problems/string-to-integer-atoi
2,Add Two Numbers,Medium, https://leetcode.com/problems/add-two-numbers
767,Reorganize String,Medium, https://leetcode.com/problems/reorganize-string
602,Friend Requests II: Who Has the Most Friends,Medium, https://leetcode.com/problems/friend-requests-ii-who-has-the-most-friends
393,UTF-8 Validation,Medium, https://leetcode.com/problems/utf-8-validation
249,Group Shifted Strings,Medium, https://leetcode.com/problems/group-shifted-strings
567,Permutation in String,Medium, https://leetcode.com/problems/permutation-in-string
46,Permutations,Medium, https://leetcode.com/problems/permutations
49,Group Anagrams,Medium, https://leetcode.com/problems/group-anagrams
921,Minimum Add to Make Parentheses Valid,Medium, https://leetcode.com/problems/minimum-add-to-make-parentheses-valid
394,Decode String,Medium, https://leetcode.com/problems/decode-string
658,Find K Closest Elements,Medium, https://leetcode.com/problems/find-k-closest-elements
477,Total Hamming Distance,Medium, https://leetcode.com/problems/total-hamming-distance
647,Palindromic Substrings,Medium, https://leetcode.com/problems/palindromic-substrings
468,Validate IP Address,Medium, https://leetcode.com/problems/validate-ip-address
105,Construct Binary Tree from Preorder and Inorder Traversal,Medium, https://leetcode.com/problems/construct-binary-tree-from-preorder-and-inorder-traversal
230,Kth Smallest Element in a BST,Medium, https://leetcode.com/problems/kth-smallest-element-in-a-bst
678,Valid Parenthesis String,Medium, https://leetcode.com/problems/valid-parenthesis-string
50,Pow(x;n),Medium, https://leetcode.com/problems/powx-n
1060,Missing Element in Sorted Array,Medium, https://leetcode.com/problems/missing-element-in-sorted-array
1027,Longest Arithmetic Sequence,Medium, https://leetcode.com/problems/longest-arithmetic-sequence
22,Generate Parentheses,Medium, https://leetcode.com/problems/generate-parentheses
622,Design Circular Queue,Medium, https://leetcode.com/problems/design-circular-queue
378,Kth Smallest Element in a Sorted Matrix,Medium, https://leetcode.com/problems/kth-smallest-element-in-a-sorted-matrix
39,Combination Sum,Medium, https://leetcode.com/problems/combination-sum
416,Partition Equal Subset Sum,Medium, https://leetcode.com/problems/partition-equal-subset-sum
863,All Nodes Distance K in Binary Tree,Medium, https://leetcode.com/problems/all-nodes-distance-k-in-binary-tree
1197,Minimum Knight Moves,Medium, https://leetcode.com/problems/minimum-knight-moves
208,Implement Trie (Prefix Tree),Medium, https://leetcode.com/problems/implement-trie-prefix-tree
102,Binary Tree Level Order Traversal,Medium, https://leetcode.com/problems/binary-tree-level-order-traversal
1004,Max Consecutive Ones III,Medium, https://leetcode.com/problems/max-consecutive-ones-iii
93,Restore IP Addresses,Medium, https://leetcode.com/problems/restore-ip-addresses
18,4Sum,Medium, https://leetcode.com/problems/4sum
332,Reconstruct Itinerary,Medium, https://leetcode.com/problems/reconstruct-itinerary
536,Construct Binary Tree from String,Medium, https://leetcode.com/problems/construct-binary-tree-from-string
192,Word Frequency,Medium, https://leetcode.com/problems/word-frequency
79,Word Search,Medium, https://leetcode.com/problems/word-search
209,Minimum Size Subarray Sum,Medium, https://leetcode.com/problems/minimum-size-subarray-sum
865,Smallest Subtree with all the Deepest Nodes,Medium, https://leetcode.com/problems/smallest-subtree-with-all-the-deepest-nodes
334,Increasing Triplet Subsequence,Medium, https://leetcode.com/problems/increasing-triplet-subsequence
490,The Maze,Medium, https://leetcode.com/problems/the-maze
319,Bulb Switcher,Medium, https://leetcode.com/problems/bulb-switcher
452,Minimum Number of Arrows to Burst Balloons,Medium, https://leetcode.com/problems/minimum-number-of-arrows-to-burst-balloons
117,Populating Next Right Pointers in Each Node II,Medium, https://leetcode.com/problems/populating-next-right-pointers-in-each-node-ii
240,Search a 2D Matrix II,Medium, https://leetcode.com/problems/search-a-2d-matrix-ii
1123,Lowest Common Ancestor of Deepest Leaves,Medium, https://leetcode.com/problems/lowest-common-ancestor-of-deepest-leaves
529,Minesweeper,Medium, https://leetcode.com/problems/minesweeper
347,Top K Frequent Elements,Medium, https://leetcode.com/problems/top-k-frequent-elements
692,Top K Frequent Words,Medium, https://leetcode.com/problems/top-k-frequent-words
885,Spiral Matrix III,Medium, https://leetcode.com/problems/spiral-matrix-iii
695,Max Area of Island,Medium, https://leetcode.com/problems/max-area-of-island
399,Evaluate Division,Medium, https://leetcode.com/problems/evaluate-division
73,Set Matrix Zeroes,Medium, https://leetcode.com/problems/set-matrix-zeroes
92,Reverse Linked List II,Medium, https://leetcode.com/problems/reverse-linked-list-ii
116,Populating Next Right Pointers in Each Node,Medium, https://leetcode.com/problems/populating-next-right-pointers-in-each-node
207,Course Schedule,Medium, https://leetcode.com/problems/course-schedule
62,Unique Paths,Medium, https://leetcode.com/problems/unique-paths
81,Search in Rotated Sorted Array II,Medium, https://leetcode.com/problems/search-in-rotated-sorted-array-ii
166,Fraction to Recurring Decimal,Medium, https://leetcode.com/problems/fraction-to-recurring-decimal
540,Single Element in a Sorted Array,Medium, https://leetcode.com/problems/single-element-in-a-sorted-array
548,Split Array with Equal Sum,Medium, https://leetcode.com/problems/split-array-with-equal-sum
54,Spiral Matrix,Medium, https://leetcode.com/problems/spiral-matrix
616,Add Bold Tag in String,Medium, https://leetcode.com/problems/add-bold-tag-in-string
694,Number of Distinct Islands,Medium, https://leetcode.com/problems/number-of-distinct-islands
11,Container With Most Water,Medium, https://leetcode.com/problems/container-with-most-water
400,Nth Digit,Medium, https://leetcode.com/problems/nth-digit
333,Largest BST Subtree,Medium, https://leetcode.com/problems/largest-bst-subtree
934,Shortest Bridge,Medium, https://leetcode.com/problems/shortest-bridge
24,Swap Nodes in Pairs,Medium, https://leetcode.com/problems/swap-nodes-in-pairs
549,Binary Tree Longest Consecutive Sequence II,Medium, https://leetcode.com/problems/binary-tree-longest-consecutive-sequence-ii
1026,Maximum Difference Between Node and Ancestor,Medium, https://leetcode.com/problems/maximum-difference-between-node-and-ancestor
90,Subsets II,Medium, https://leetcode.com/problems/subsets-ii
935,Knight Dialer,Medium, https://leetcode.com/problems/knight-dialer
298,Binary Tree Longest Consecutive Sequence,Medium, https://leetcode.com/problems/binary-tree-longest-consecutive-sequence
364,Nested List Weight Sum II,Medium, https://leetcode.com/problems/nested-list-weight-sum-ii
74,Search a 2D Matrix,Medium, https://leetcode.com/problems/search-a-2d-matrix
280,Wiggle Sort,Medium, https://leetcode.com/problems/wiggle-sort
554,Brick Wall,Medium, https://leetcode.com/problems/brick-wall
163,Missing Ranges,Medium, https://leetcode.com/problems/missing-ranges
129,Sum Root to Leaf Numbers,Medium, https://leetcode.com/problems/sum-root-to-leaf-numbers
148,Sort List,Medium, https://leetcode.com/problems/sort-list
94,Binary Tree Inorder Traversal,Medium, https://leetcode.com/problems/binary-tree-inorder-traversal
939,Minimum Area Rectangle,Medium, https://leetcode.com/problems/minimum-area-rectangle
963,Minimum Area Rectangle II,Medium, https://leetcode.com/problems/minimum-area-rectangle-ii
614,Second Degree Follower,Medium, https://leetcode.com/problems/second-degree-follower
430,Flatten a Multilevel Doubly Linked List,Medium, https://leetcode.com/problems/flatten-a-multilevel-doubly-linked-list
395,Longest Substring with At Least K Repeating Characters,Medium, https://leetcode.com/problems/longest-substring-with-at-least-k-repeating-characters
1094,Car Pooling,Medium, https://leetcode.com/problems/car-pooling
322,Coin Change,Medium, https://leetcode.com/problems/coin-change
556,Next Greater Element III,Medium, https://leetcode.com/problems/next-greater-element-iii
323,Number of Connected Components in an Undirected Graph,Medium, https://leetcode.com/problems/number-of-connected-components-in-an-undirected-graph
445,Add Two Numbers II,Medium, https://leetcode.com/problems/add-two-numbers-ii
152,Maximum Product Subarray,Medium, https://leetcode.com/problems/maximum-product-subarray
518,Coin Change 2,Medium, https://leetcode.com/problems/coin-change-2
137,Single Number II,Medium, https://leetcode.com/problems/single-number-ii
969,Pancake Sorting,Medium, https://leetcode.com/problems/pancake-sorting
36,Valid Sudoku,Medium, https://leetcode.com/problems/valid-sudoku
875,Koko Eating Bananas,Medium, https://leetcode.com/problems/koko-eating-bananas
19,Remove Nth Node From End of List,Medium, https://leetcode.com/problems/remove-nth-node-from-end-of-list
742,Closest Leaf in a Binary Tree,Medium, https://leetcode.com/problems/closest-leaf-in-a-binary-tree
47,Permutations II,Medium, https://leetcode.com/problems/permutations-ii
55,Jump Game,Medium, https://leetcode.com/problems/jump-game
1242,Web Crawler Multithreaded,Medium, https://leetcode.com/problems/web-crawler-multithreaded
284,Peeking Iterator,Medium, https://leetcode.com/problems/peeking-iterator
12,Integer to Roman,Medium, https://leetcode.com/problems/integer-to-roman
40,Combination Sum II,Medium, https://leetcode.com/problems/combination-sum-ii
388,Longest Absolute File Path,Medium, https://leetcode.com/problems/longest-absolute-file-path
1132,Reported Posts II,Medium, https://leetcode.com/problems/reported-posts-ii
153,Find Minimum in Rotated Sorted Array,Medium, https://leetcode.com/problems/find-minimum-in-rotated-sorted-array
515,Find Largest Value in Each Tree Row,Medium, https://leetcode.com/problems/find-largest-value-in-each-tree-row
223,Rectangle Area,Medium, https://leetcode.com/problems/rectangle-area
1008,Construct Binary Search Tree from Preorder Traversal,Medium, https://leetcode.com/problems/construct-binary-search-tree-from-preorder-traversal
63,Unique Paths II,Medium, https://leetcode.com/problems/unique-paths-ii
491,Increasing Subsequences,Medium, https://leetcode.com/problems/increasing-subsequences
77,Combinations,Medium, https://leetcode.com/problems/combinations
1233,Remove Sub-Folders from the Filesystem,Medium, https://leetcode.com/problems/remove-sub-folders-from-the-filesystem
437,Path Sum III,Medium, https://leetcode.com/problems/path-sum-iii
48,Rotate Image,Medium, https://leetcode.com/problems/rotate-image
151,Reverse Words in a String,Medium, https://leetcode.com/problems/reverse-words-in-a-string
776,Split BST,Medium, https://leetcode.com/problems/split-bst
1264,Page Recommendations,Medium, https://leetcode.com/problems/page-recommendations
688,Knight Probability in Chessboard,Medium, https://leetcode.com/problems/knight-probability-in-chessboard
1424,Diagonal Traverse II,Medium, https://leetcode.com/problems/diagonal-traverse-ii
547,Friend Circles,Medium, https://leetcode.com/problems/friend-circles
150,Evaluate Reverse Polish Notation,Medium, https://leetcode.com/problems/evaluate-reverse-polish-notation
442,Find All Duplicates in an Array,Medium, https://leetcode.com/problems/find-all-duplicates-in-an-array
855,Exam Room,Medium, https://leetcode.com/problems/exam-room
435,Non-overlapping Intervals,Medium, https://leetcode.com/problems/non-overlapping-intervals
1091,Shortest Path in Binary Matrix,Medium, https://leetcode.com/problems/shortest-path-in-binary-matrix
228,Summary Ranges,Medium, https://leetcode.com/problems/summary-ranges
794,Valid Tic-Tac-Toe State,Medium, https://leetcode.com/problems/valid-tic-tac-toe-state
384,Shuffle an Array,Medium, https://leetcode.com/problems/shuffle-an-array
918,Maximum Sum Circular Subarray,Medium, https://leetcode.com/problems/maximum-sum-circular-subarray
16,3Sum Closest,Medium, https://leetcode.com/problems/3sum-closest
478,Generate Random Point in a Circle,Medium, https://leetcode.com/problems/generate-random-point-in-a-circle
324,Wiggle Sort II,Medium, https://leetcode.com/problems/wiggle-sort-ii
1245,Tree Diameter,Medium, https://leetcode.com/problems/tree-diameter
641,Design Circular Deque,Medium, https://leetcode.com/problems/design-circular-deque
377,Combination Sum IV,Medium, https://leetcode.com/problems/combination-sum-iv
662,Maximum Width of Binary Tree,Medium, https://leetcode.com/problems/maximum-width-of-binary-tree
382,Linked List Random Node,Medium, https://leetcode.com/problems/linked-list-random-node
983,Minimum Cost For Tickets,Medium, https://leetcode.com/problems/minimum-cost-for-tickets
450,Delete Node in a BST,Medium, https://leetcode.com/problems/delete-node-in-a-bst
210,Course Schedule II,Medium, https://leetcode.com/problems/course-schedule-ii
505,The Maze II,Medium, https://leetcode.com/problems/the-maze-ii
663,Equal Tree Partition,Medium, https://leetcode.com/problems/equal-tree-partition
609,Find Duplicate File in System,Medium, https://leetcode.com/problems/find-duplicate-file-in-system
307,Range Sum Query - Mutable,Medium, https://leetcode.com/problems/range-sum-query-mutable
655,Print Binary Tree,Medium, https://leetcode.com/problems/print-binary-tree
654,Maximum Binary Tree,Medium, https://leetcode.com/problems/maximum-binary-tree
221,Maximal Square,Medium, https://leetcode.com/problems/maximal-square
159,Longest Substring with At Most Two Distinct Characters,Medium, https://leetcode.com/problems/longest-substring-with-at-most-two-distinct-characters
241,Different Ways to Add Parentheses,Medium, https://leetcode.com/problems/different-ways-to-add-parentheses
750,Number Of Corner Rectangles,Medium, https://leetcode.com/problems/number-of-corner-rectangles
516,Longest Palindromic Subsequence,Medium, https://leetcode.com/problems/longest-palindromic-subsequence
417,Pacific Atlantic Water Flow,Medium, https://leetcode.com/problems/pacific-atlantic-water-flow
261,Graph Valid Tree,Medium, https://leetcode.com/problems/graph-valid-tree
6,ZigZag Conversion,Medium, https://leetcode.com/problems/zigzag-conversion
503,Next Greater Element II,Medium, https://leetcode.com/problems/next-greater-element-ii
1053,Previous Permutation With One Swap,Medium, https://leetcode.com/problems/previous-permutation-with-one-swap
371,Sum of Two Integers,Medium, https://leetcode.com/problems/sum-of-two-integers
752,Open the Lock,Medium, https://leetcode.com/problems/open-the-lock
578,Get Highest Answer Rate Question,Medium, https://leetcode.com/problems/get-highest-answer-rate-question
714,Best Time to Buy and Sell Stock with Transaction Fee,Medium, https://leetcode.com/problems/best-time-to-buy-and-sell-stock-with-transaction-fee
886,Possible Bipartition,Medium, https://leetcode.com/problems/possible-bipartition
178,Rank Scores,Medium, https://leetcode.com/problems/rank-scores
681,Next Closest Time,Medium, https://leetcode.com/problems/next-closest-time
103,Binary Tree Zigzag Level Order Traversal,Medium, https://leetcode.com/problems/binary-tree-zigzag-level-order-traversal
981,Time Based Key-Value Store,Medium, https://leetcode.com/problems/time-based-key-value-store
889,Construct Binary Tree from Preorder and Postorder Traversal,Medium, https://leetcode.com/problems/construct-binary-tree-from-preorder-and-postorder-traversal
593,Valid Square,Medium, https://leetcode.com/problems/valid-square
916,Word Subsets,Medium, https://leetcode.com/problems/word-subsets
130,Surrounded Regions,Medium, https://leetcode.com/problems/surrounded-regions
328,Odd Even Linked List,Medium, https://leetcode.com/problems/odd-even-linked-list
413,Arithmetic Slices,Medium, https://leetcode.com/problems/arithmetic-slices
535,Encode and Decode TinyURL,Medium, https://leetcode.com/problems/encode-and-decode-tinyurl
106,Construct Binary Tree from Inorder and Postorder Traversal,Medium, https://leetcode.com/problems/construct-binary-tree-from-inorder-and-postorder-traversal
373,Find K Pairs with Smallest Sums,Medium, https://leetcode.com/problems/find-k-pairs-with-smallest-sums
676,Implement Magic Dictionary,Medium, https://leetcode.com/problems/implement-magic-dictionary
723,Candy Crush,Medium, https://leetcode.com/problems/candy-crush
113,Path Sum II,Medium, https://leetcode.com/problems/path-sum-ii
95,Unique Binary Search Trees II,Medium, https://leetcode.com/problems/unique-binary-search-trees-ii
250,Count Univalue Subtrees,Medium, https://leetcode.com/problems/count-univalue-subtrees
1209,Remove All Adjacent Duplicates in String II,Medium, https://leetcode.com/problems/remove-all-adjacent-duplicates-in-string-ii
1043,Partition Array for Maximum Sum,Medium, https://leetcode.com/problems/partition-array-for-maximum-sum
274,H-Index,Medium, https://leetcode.com/problems/h-index
338,Counting Bits,Medium, https://leetcode.com/problems/counting-bits
1146,Snapshot Array,Medium, https://leetcode.com/problems/snapshot-array
222,Count Complete Tree Nodes,Medium, https://leetcode.com/problems/count-complete-tree-nodes
848,Shifting Letters,Medium, https://leetcode.com/problems/shifting-letters
179,Largest Number,Medium, https://leetcode.com/problems/largest-number
525,Contiguous Array,Medium, https://leetcode.com/problems/contiguous-array
61,Rotate List,Medium, https://leetcode.com/problems/rotate-list
792,Number of Matching Subsequences,Medium, https://leetcode.com/problems/number-of-matching-subsequences
279,Perfect Squares,Medium, https://leetcode.com/problems/perfect-squares
966,Vowel Spellchecker,Medium, https://leetcode.com/problems/vowel-spellchecker
1379,Find a Corresponding Node of a Binary Tree in a Clone of That Tree,Medium, https://leetcode.com/problems/find-a-corresponding-node-of-a-binary-tree-in-a-clone-of-that-tree
402,Remove K Digits,Medium, https://leetcode.com/problems/remove-k-digits
59,Spiral Matrix II,Medium, https://leetcode.com/problems/spiral-matrix-ii
1062,Longest Repeating Substring,Medium, https://leetcode.com/problems/longest-repeating-substring
1077,Project Employees III,Medium, https://leetcode.com/problems/project-employees-iii
652,Find Duplicate Subtrees,Medium, https://leetcode.com/problems/find-duplicate-subtrees
287,Find the Duplicate Number,Medium, https://leetcode.com/problems/find-the-duplicate-number
1019,Next Greater Node In Linked List,Medium, https://leetcode.com/problems/next-greater-node-in-linked-list
550,Game Play Analysis IV,Medium, https://leetcode.com/problems/game-play-analysis-iv
962,Maximum Width Ramp,Medium, https://leetcode.com/problems/maximum-width-ramp
698,Partition to K Equal Sum Subsets,Medium, https://leetcode.com/problems/partition-to-k-equal-sum-subsets
673,Number of Longest Increasing Subsequence,Medium, https://leetcode.com/problems/number-of-longest-increasing-subsequence
1003,Check If Word Is Valid After Substitutions,Medium, https://leetcode.com/problems/check-if-word-is-valid-after-substitutions
1254,Number of Closed Islands,Medium, https://leetcode.com/problems/number-of-closed-islands
1055,Shortest Way to Form String,Medium, https://leetcode.com/problems/shortest-way-to-form-string
229,Majority Element II,Medium, https://leetcode.com/problems/majority-element-ii
787,Cheapest Flights Within K Stops,Medium, https://leetcode.com/problems/cheapest-flights-within-k-stops
1057,Campus Bikes,Medium, https://leetcode.com/problems/campus-bikes
289,Game of Life,Medium, https://leetcode.com/problems/game-of-life
353,Design Snake Game,Medium, https://leetcode.com/problems/design-snake-game
1445,Apples & Oranges,Medium, https://leetcode.com/problems/apples-oranges
1305,All Elements in Two Binary Search Trees,Medium, https://leetcode.com/problems/all-elements-in-two-binary-search-trees
979,Distribute Coins in Binary Tree,Medium, https://leetcode.com/problems/distribute-coins-in-binary-tree
310,Minimum Height Trees,Medium, https://leetcode.com/problems/minimum-height-trees
1498,Number of Subsequences That Satisfy the Given Sum Condition,Medium, https://leetcode.com/problems/number-of-subsequences-that-satisfy-the-given-sum-condition
611,Valid Triangle Number,Medium, https://leetcode.com/problems/valid-triangle-number
1219,Path with Maximum Gold,Medium, https://leetcode.com/problems/path-with-maximum-gold
260,Single Number III,Medium, https://leetcode.com/problems/single-number-iii
739,Daily Temperatures,Medium, https://leetcode.com/problems/daily-temperatures
406,Queue Reconstruction by Height,Medium, https://leetcode.com/problems/queue-reconstruction-by-height
337,House Robber III,Medium, https://leetcode.com/problems/house-robber-iii
1031,Maximum Sum of Two Non-Overlapping Subarrays,Medium, https://leetcode.com/problems/maximum-sum-of-two-non-overlapping-subarrays
646,Maximum Length of Pair Chain,Medium, https://leetcode.com/problems/maximum-length-of-pair-chain
376,Wiggle Subsequence,Medium, https://leetcode.com/problems/wiggle-subsequence
96,Unique Binary Search Trees,Medium, https://leetcode.com/problems/unique-binary-search-trees
701,Insert into a Binary Search Tree,Medium, https://leetcode.com/problems/insert-into-a-binary-search-tree
309,Best Time to Buy and Sell Stock with Cooldown,Medium, https://leetcode.com/problems/best-time-to-buy-and-sell-stock-with-cooldown
80,Remove Duplicates from Sorted Array II,Medium, https://leetcode.com/problems/remove-duplicates-from-sorted-array-ii
64,Minimum Path Sum,Medium, https://leetcode.com/problems/minimum-path-sum
451,Sort Characters By Frequency,Medium, https://leetcode.com/problems/sort-characters-by-frequency
1143,Longest Common Subsequence,Medium, https://leetcode.com/problems/longest-common-subsequence
763,Partition Labels,Medium, https://leetcode.com/problems/partition-labels
275,H-Index II,Medium, https://leetcode.com/problems/h-index-ii
764,Largest Plus Sign,Medium, https://leetcode.com/problems/largest-plus-sign
784,Letter Case Permutation,Medium, https://leetcode.com/problems/letter-case-permutation
801,Minimum Swaps To Make Sequences Increasing,Medium, https://leetcode.com/problems/minimum-swaps-to-make-sequences-increasing
998,Maximum Binary Tree II,Medium, https://leetcode.com/problems/maximum-binary-tree-ii
1040,Moving Stones Until Consecutive II,Medium, https://leetcode.com/problems/moving-stones-until-consecutive-ii
1361,Validate Binary Tree Nodes,Medium, https://leetcode.com/problems/validate-binary-tree-nodes
1236,Web Crawler,Medium, https://leetcode.com/problems/web-crawler
1357,Apply Discount Every n Orders,Medium, https://leetcode.com/problems/apply-discount-every-n-orders
1398,Customers Who Bought Products A and B but Not C,Medium, https://leetcode.com/problems/customers-who-bought-products-a-and-b-but-not-c
1443,Minimum Time to Collect All Apples in a Tree,Medium, https://leetcode.com/problems/minimum-time-to-collect-all-apples-in-a-tree
1522,Diameter of N-Ary Tree,Medium, https://leetcode.com/problems/diameter-of-n-ary-tree
301,Remove Invalid Parentheses,Hard, https://leetcode.com/problems/remove-invalid-parentheses
273,Integer to English Words,Hard, https://leetcode.com/problems/integer-to-english-words
158,Read N Characters Given Read4 II - Call multiple times,Hard, https://leetcode.com/problems/read-n-characters-given-read4-ii-call-multiple-times
297,Serialize and Deserialize Binary Tree,Hard, https://leetcode.com/problems/serialize-and-deserialize-binary-tree
10,Regular Expression Matching,Hard, https://leetcode.com/problems/regular-expression-matching
76,Minimum Window Substring,Hard, https://leetcode.com/problems/minimum-window-substring
23,Merge k Sorted Lists,Hard, https://leetcode.com/problems/merge-k-sorted-lists
282,Expression Add Operators,Hard, https://leetcode.com/problems/expression-add-operators
65,Valid Number,Hard, https://leetcode.com/problems/valid-number
124,Binary Tree Maximum Path Sum,Hard, https://leetcode.com/problems/binary-tree-maximum-path-sum
269,Alien Dictionary,Hard, https://leetcode.com/problems/alien-dictionary
336,Palindrome Pairs,Hard, https://leetcode.com/problems/palindrome-pairs
42,Trapping Rain Water,Hard, https://leetcode.com/problems/trapping-rain-water
689,Maximum Sum of 3 Non-Overlapping Subarrays,Hard, https://leetcode.com/problems/maximum-sum-of-3-non-overlapping-subarrays
340,Longest Substring with At Most K Distinct Characters,Hard, https://leetcode.com/problems/longest-substring-with-at-most-k-distinct-characters
317,Shortest Distance from All Buildings,Hard, https://leetcode.com/problems/shortest-distance-from-all-buildings
57,Insert Interval,Hard, https://leetcode.com/problems/insert-interval
358,Rearrange String k Distance Apart,Hard, https://leetcode.com/problems/rearrange-string-k-distance-apart
32,Longest Valid Parentheses,Hard, https://leetcode.com/problems/longest-valid-parentheses
51,N-Queens,Hard, https://leetcode.com/problems/n-queens
224,Basic Calculator,Hard, https://leetcode.com/problems/basic-calculator
126,Word Ladder II,Hard, https://leetcode.com/problems/word-ladder-ii
239,Sliding Window Maximum,Hard, https://leetcode.com/problems/sliding-window-maximum
772,Basic Calculator III,Hard, https://leetcode.com/problems/basic-calculator-iii
305,Number of Islands II,Hard, https://leetcode.com/problems/number-of-islands-ii
632,Smallest Range Covering Elements from K Lists,Hard, https://leetcode.com/problems/smallest-range-covering-elements-from-k-lists
381,Insert Delete GetRandom O(1) - Duplicates allowed,Hard, https://leetcode.com/problems/insert-delete-getrandom-o1-duplicates-allowed
44,Wildcard Matching,Hard, https://leetcode.com/problems/wildcard-matching
308,Range Sum Query 2D - Mutable,Hard, https://leetcode.com/problems/range-sum-query-2d-mutable
218,The Skyline Problem,Hard, https://leetcode.com/problems/the-skyline-problem
432,All O`one Data Structure,Hard, https://leetcode.com/problems/all-oone-data-structure
4,Median of Two Sorted Arrays,Hard, https://leetcode.com/problems/median-of-two-sorted-arrays
140,Word Break II,Hard, https://leetcode.com/problems/word-break-ii
128,Longest Consecutive Sequence,Hard, https://leetcode.com/problems/longest-consecutive-sequence
25,Reverse Nodes in k-Group,Hard, https://leetcode.com/problems/reverse-nodes-in-k-group
489,Robot Room Cleaner,Hard, https://leetcode.com/problems/robot-room-cleaner
212,Word Search II,Hard, https://leetcode.com/problems/word-search-ii
295,Find Median from Data Stream,Hard, https://leetcode.com/problems/find-median-from-data-stream
329,Longest Increasing Path in a Matrix,Hard, https://leetcode.com/problems/longest-increasing-path-in-a-matrix
642,Design Search Autocomplete System,Hard, https://leetcode.com/problems/design-search-autocomplete-system
123,Best Time to Buy and Sell Stock III,Hard, https://leetcode.com/problems/best-time-to-buy-and-sell-stock-iii
403,Frog Jump,Hard, https://leetcode.com/problems/frog-jump
568,Maximum Vacation Days,Hard, https://leetcode.com/problems/maximum-vacation-days
480,Sliding Window Median,Hard, https://leetcode.com/problems/sliding-window-median
691,Stickers to Spell Word,Hard, https://leetcode.com/problems/stickers-to-spell-word
30,Substring with Concatenation of All Words,Hard, https://leetcode.com/problems/substring-with-concatenation-of-all-words
428,Serialize and Deserialize N-ary Tree,Hard, https://leetcode.com/problems/serialize-and-deserialize-n-ary-tree
99,Recover Binary Search Tree,Hard, https://leetcode.com/problems/recover-binary-search-tree
296,Best Meeting Point,Hard, https://leetcode.com/problems/best-meeting-point
68,Text Justification,Hard, https://leetcode.com/problems/text-justification
85,Maximal Rectangle,Hard, https://leetcode.com/problems/maximal-rectangle
72,Edit Distance,Hard, https://leetcode.com/problems/edit-distance
37,Sudoku Solver,Hard, https://leetcode.com/problems/sudoku-solver
145,Binary Tree Postorder Traversal,Hard, https://leetcode.com/problems/binary-tree-postorder-traversal
1216,Valid Palindrome III,Hard, https://leetcode.com/problems/valid-palindrome-iii
639,Decode Ways II,Hard, https://leetcode.com/problems/decode-ways-ii
84,Largest Rectangle in Histogram,Hard, https://leetcode.com/problems/largest-rectangle-in-histogram
272,Closest Binary Search Tree Value II,Hard, https://leetcode.com/problems/closest-binary-search-tree-value-ii
839,Similar String Groups,Hard, https://leetcode.com/problems/similar-string-groups
291,Word Pattern II,Hard, https://leetcode.com/problems/word-pattern-ii
363,Max Sum of Rectangle No Larger Than K,Hard, https://leetcode.com/problems/max-sum-of-rectangle-no-larger-than-k
41,First Missing Positive,Hard, https://leetcode.com/problems/first-missing-positive
1269,Number of Ways to Stay in the Same Place After Some Steps,Hard, https://leetcode.com/problems/number-of-ways-to-stay-in-the-same-place-after-some-steps
214,Shortest Palindrome,Hard, https://leetcode.com/problems/shortest-palindrome
45,Jump Game II,Hard, https://leetcode.com/problems/jump-game-ii
248,Strobogrammatic Number III,Hard, https://leetcode.com/problems/strobogrammatic-number-iii
316,Remove Duplicate Letters,Hard, https://leetcode.com/problems/remove-duplicate-letters
352,Data Stream as Disjoint Intervals,Hard, https://leetcode.com/problems/data-stream-as-disjoint-intervals
564,Find the Closest Palindrome,Hard, https://leetcode.com/problems/find-the-closest-palindrome
407,Trapping Rain Water II,Hard, https://leetcode.com/problems/trapping-rain-water-ii
1032,Stream of Characters,Hard, https://leetcode.com/problems/stream-of-characters
862,Shortest Subarray with Sum at Least K,Hard, https://leetcode.com/problems/shortest-subarray-with-sum-at-least-k
827,Making A Large Island,Hard, https://leetcode.com/problems/making-a-large-island
936,Stamping The Sequence,Hard, https://leetcode.com/problems/stamping-the-sequence
60,Permutation Sequence,Hard, https://leetcode.com/problems/permutation-sequence
730,Count Different Palindromic Subsequences,Hard, https://leetcode.com/problems/count-different-palindromic-subsequences
759,Employee Free Time,Hard, https://leetcode.com/problems/employee-free-time
446,Arithmetic Slices II - Subsequence,Hard, https://leetcode.com/problems/arithmetic-slices-ii-subsequence
188,Best Time to Buy and Sell Stock IV,Hard, https://leetcode.com/problems/best-time-to-buy-and-sell-stock-iv
410,Split Array Largest Sum,Hard, https://leetcode.com/problems/split-array-largest-sum
312,Burst Balloons,Hard, https://leetcode.com/problems/burst-balloons
315,Count of Smaller Numbers After Self,Hard, https://leetcode.com/problems/count-of-smaller-numbers-after-self
843,Guess the Word,Hard, https://leetcode.com/problems/guess-the-word
1439,Find the Kth Smallest Sum of a Matrix With Sorted Rows,Hard, https://leetcode.com/problems/find-the-kth-smallest-sum-of-a-matrix-with-sorted-rows
265,Paint House II,Hard, https://leetcode.com/problems/paint-house-ii
773,Sliding Puzzle,Hard, https://leetcode.com/problems/sliding-puzzle
1411,Number of Ways to Paint N Ã— 3 Grid,Hard, https://leetcode.com/problems/number-of-ways-to-paint-n-3-grid
995,Minimum Number of K Consecutive Bit Flips,Hard, https://leetcode.com/problems/minimum-number-of-k-consecutive-bit-flips
887,Super Egg Drop,Hard, https://leetcode.com/problems/super-egg-drop
778,Swim in Rising Water,Hard, https://leetcode.com/problems/swim-in-rising-water
726,Number of Atoms,Hard, https://leetcode.com/problems/number-of-atoms
472,Concatenated Words,Hard, https://leetcode.com/problems/concatenated-words
679,24 Game,Hard, https://leetcode.com/problems/24-game
154,Find Minimum in Rotated Sorted Array II,Hard, https://leetcode.com/problems/find-minimum-in-rotated-sorted-array-ii
745,Prefix and Suffix Search,Hard, https://leetcode.com/problems/prefix-and-suffix-search
968,Binary Tree Cameras,Hard, https://leetcode.com/problems/binary-tree-cameras
1225,Report Contiguous Dates,Hard, https://leetcode.com/problems/report-contiguous-dates
1453,Maximum Number of Darts Inside of a Circular Dartboard,Hard, https://leetcode.com/problems/maximum-number-of-darts-inside-of-a-circular-dartboard
